<?xml version="1.0" encoding="utf-8"?>
<install type="acesearch_ext" version="1.5.0" method="upgrade">
	<name>Content</name>
	<author>JoomAce LLC</author>
	<creationDate>March 2011</creationDate>
	<copyright>(C) 2009-2011 JoomAce LLC</copyright>
	<license>GNU/GPL http://www.gnu.org/copyleft/gpl.html</license>
	<authorEmail>info@joomace.net</authorEmail>
	<authorUrl>www.joomace.net</authorUrl>
	<version>1.5.1</version>
	<description>Content (Articles) extension for AceSearch.</description>
	<client>2</client>
	<files>
		<filename acesearch_ext="com_content">com_content.php</filename>
	</files>
	<params group="extension">
		<param name="search_categories" type="radio" default="1" label="COM_ACESEARCH_PARAMS_SEARCH_CATEGORIES" description="COM_ACESEARCH_PARAMS_SEARCH_CATEGORIES_HELP">
			<option value="0">NO</option>
			<option value="1">YES</option>
		</param>
		<param type="spacer" default="" />
		<param name="category" type="radio" default="1" label="COM_ACESEARCH_PARAMS_CATEGORY" description="COM_ACESEARCH_PARAMS_CATEGORY_HELP">
			<option value="0">NO</option>
			<option value="1">YES</option>
		</param>
		<param name="user" type="radio" default="1" label="COM_ACESEARCH_FIELDS_AUTHOR" description="COM_ACESEARCH_PARAMS_FIELD_HELP">
			<option value="0">NO</option>
			<option value="1">YES</option>
		</param>
		<param name="days" type="radio" default="1" label="COM_ACESEARCH_FIELDS_DAYS" description="COM_ACESEARCH_PARAMS_FIELD_HELP">
			<option value="0">NO</option>
			<option value="1">YES</option>
		</param>
		<param name="daterange" type="radio" default="1" label="COM_ACESEARCH_FIELDS_DATE_RANGE" description="COM_ACESEARCH_PARAMS_FIELD_HELP">
			<option value="0">NO</option>
			<option value="1">YES</option>
		</param>
		<param name="order" type="radio" default="1" label="COM_ACESEARCH_FIELDS_ORDER" description="COM_ACESEARCH_PARAMS_FIELD_HELP">
			<option value="0">NO</option>
			<option value="1">YES</option>
		</param>
		<param name="name" type="radio" default="1" label="COM_ACESEARCH_FIELDS_TITLE" description="COM_ACESEARCH_PARAMS_FIELD_HELP">
			<option value="0">NO</option>
			<option value="1">YES</option>
		</param>
		<param name="description" type="radio" default="1" label="COM_ACESEARCH_FIELDS_DESC" description="COM_ACESEARCH_PARAMS_FIELD_HELP">
			<option value="0">NO</option>
			<option value="1">YES</option>
		</param>
	</params>
	<fields>
		<field client="2" name="category" 	 type="category"  jtext="COM_ACESEARCH_FIELDS_CATEGORY" />
		<field client="2" name="user" 	     type="text" 	  jtext="COM_ACESEARCH_FIELDS_AUTHOR" />
		<field client="2" name="days" 	  	 type="days" 	  jtext="COM_ACESEARCH_FIELDS_DAYS" />
		<field client="2" name="daterange" 	 type="daterange" jtext="COM_ACESEARCH_FIELDS_DATE_RANGE" />
		<field client="2" name="order" 	  	 type="order" 	  jtext="COM_ACESEARCH_FIELDS_ORDER" title="COM_ACESEARCH_FIELDS_TITLE,COM_ACESEARCH_FIELDS_HITS,COM_ACESEARCH_FIELDS_DATE" value="title,hits,date" />
		<field client="2" name="name" 		 type="checkbox"  jtext="COM_ACESEARCH_FIELDS_TITLE" value="1" />
		<field client="2" name="description" type="checkbox"  jtext="COM_ACESEARCH_FIELDS_DESC" value="1" />
	</fields>
</install>